test_id,call_index,source_id,ground_truth,condition,seed,packets_generated,packets_intentionally_dropped,packets_transmitted,packets_received,sequence_gaps,invalid_packets,analysis_windows,valid_aasist_windows,missing_aasist_windows,aasist_score,peak_aasist,delta_aasist,mean_risk,peak_risk,final_risk,delta_risk,policy_decision,decision_flipped,flip_type,time_to_first_analysis_s,time_to_policy_decision_s,total_call_duration_s
phase53_voip_001_BF_1_clean,0,BF_1,bonafide,clean,1337,300,0,300,296,0,0,23,7,16,0.9993,0.9996,0.0,11.57,38,38,0.0,ALLOW,False,NONE,0.465,0.465,7.356
phase53_voip_002_BF_1_noise_white_20db,1,BF_1,bonafide,noise_white_20db,1338,300,0,300,298,0,0,23,7,16,0.9972,0.9989,-0.0021,11.57,38,38,0.0,ALLOW,False,NONE,0.377,0.377,7.305
phase53_voip_003_BF_1_noise_white_10db,2,BF_1,bonafide,noise_white_10db,1339,300,0,300,298,0,0,23,7,16,0.9997,0.9998,0.0004,11.57,38,38,0.0,ALLOW,False,NONE,0.353,0.353,7.283
phase53_voip_004_BF_1_noise_white_5db,3,BF_1,bonafide,noise_white_5db,1340,300,0,300,298,0,0,23,7,16,0.9999,0.9999,0.0006,11.57,38,38,0.0,ALLOW,False,NONE,0.376,0.376,7.31
phase53_voip_005_BF_1_noise_white_0db,4,BF_1,bonafide,noise_white_0db,1341,300,0,300,298,0,0,23,7,16,1.0,1.0,0.0007,11.57,38,38,0.0,ALLOW,False,NONE,0.373,0.373,7.307
phase53_voip_006_BF_1_noise_pink_10db,5,BF_1,bonafide,noise_pink_10db,1342,300,0,300,298,0,0,23,7,16,0.9996,0.9996,0.0003,11.57,38,38,0.0,ALLOW,False,NONE,0.367,0.367,7.295
phase53_voip_007_BF_1_noise_babble_10db,6,BF_1,bonafide,noise_babble_10db,1343,300,0,300,298,0,0,23,7,16,0.9986,0.9989,-0.0007,11.57,38,38,0.0,ALLOW,False,NONE,0.368,0.368,7.296
phase53_voip_008_BF_1_resample_8k,7,BF_1,bonafide,resample_8k,1344,300,0,300,298,0,0,22,6,16,0.9984,0.9997,-0.0009,10.36,38,38,-1.21,ALLOW,False,NONE,0.374,0.374,7.305
phase53_voip_009_BF_1_lowpass_4k,8,BF_1,bonafide,lowpass_4k,1345,300,0,300,298,0,0,22,6,16,0.9924,0.999,-0.0069,10.36,38,38,-1.21,ALLOW,False,NONE,0.38,0.38,7.309
phase53_voip_010_BF_1_lowpass_3k4,9,BF_1,bonafide,lowpass_3k4,1346,300,0,300,298,0,0,22,6,16,0.9975,0.9994,-0.0018,10.36,38,38,-1.21,ALLOW,False,NONE,0.375,0.375,7.305
phase53_voip_011_BF_1_telephone_band,10,BF_1,bonafide,telephone_band,1347,300,0,300,298,0,0,22,6,16,0.9982,0.9987,-0.0011,10.36,38,38,-1.21,ALLOW,False,NONE,0.399,0.399,7.308
phase53_voip_012_BF_1_mu_law,11,BF_1,bonafide,mu_law,1348,300,0,300,298,0,0,23,7,16,0.9991,0.9998,-0.0002,11.57,38,38,0.0,ALLOW,False,NONE,0.375,0.375,7.304
phase53_voip_013_BF_1_telephone_chain,12,BF_1,bonafide,telephone_chain,1349,300,0,300,298,0,0,22,6,16,0.9983,0.999,-0.001,10.36,38,38,-1.21,ALLOW,False,NONE,0.38,0.38,7.311
phase53_voip_014_BF_1_gain_minus_20db,13,BF_1,bonafide,gain_minus_20db,1350,300,0,300,298,0,0,20,4,16,0.0275,0.0275,-0.9718,0.2,1,1,-11.37,ALLOW,False,NONE,0.383,0.383,7.312
phase53_voip_015_BF_1_gain_plus_6db,14,BF_1,bonafide,gain_plus_6db,1351,300,0,300,298,0,0,23,7,16,0.9999,1.0,0.0006,11.57,38,38,0.0,ALLOW,False,NONE,0.367,0.367,7.295
phase53_voip_016_BF_1_clipping,15,BF_1,bonafide,clipping,1352,300,0,300,298,0,0,23,7,16,0.9991,0.9998,-0.0002,11.57,38,38,0.0,ALLOW,False,NONE,0.375,0.375,7.304
phase53_voip_017_BF_1_reverb_300ms,16,BF_1,bonafide,reverb_300ms,1353,300,0,300,298,0,0,23,7,16,1.0,1.0,0.0007,11.57,38,38,0.0,ALLOW,False,NONE,0.394,0.394,7.299
phase53_voip_018_BF_1_packet_loss_2pct,17,BF_1,bonafide,packet_loss_2pct,1354,300,2,298,296,0,0,23,7,16,0.9992,0.9999,-0.0001,11.57,38,38,0.0,ALLOW,False,NONE,0.375,0.375,7.308
phase53_voip_019_BF_1_packet_loss_5pct,18,BF_1,bonafide,packet_loss_5pct,1355,300,17,283,281,0,0,22,6,16,0.9994,0.9997,0.0001,10.36,38,38,-1.21,ALLOW,False,NONE,0.392,0.392,7.302
phase53_voip_020_BF_2_clean,19,BF_2,bonafide,clean,1356,300,0,300,298,0,0,22,6,16,0.9997,0.9999,0.0,10.36,38,38,0.0,ALLOW,False,NONE,0.38,0.38,7.311
phase53_voip_021_BF_2_noise_white_20db,20,BF_2,bonafide,noise_white_20db,1357,300,0,300,298,0,0,23,7,16,0.9979,0.9994,-0.0018,11.57,38,38,1.21,ALLOW,False,NONE,0.373,0.373,7.312
phase53_voip_022_BF_2_noise_white_10db,21,BF_2,bonafide,noise_white_10db,1358,300,0,300,298,0,0,23,7,16,0.9997,1.0,0.0,11.57,38,38,1.21,ALLOW,False,NONE,0.401,0.401,7.341
phase53_voip_023_BF_2_noise_white_5db,22,BF_2,bonafide,noise_white_5db,1359,300,0,300,298,0,0,23,7,16,1.0,1.0,0.0003,11.57,38,38,1.21,ALLOW,False,NONE,0.389,0.389,7.327
phase53_voip_024_BF_2_noise_white_0db,23,BF_2,bonafide,noise_white_0db,1360,300,0,300,298,0,0,23,7,16,1.0,1.0,0.0003,11.57,38,38,1.21,ALLOW,False,NONE,0.388,0.388,7.326
phase53_voip_025_BF_2_noise_pink_10db,24,BF_2,bonafide,noise_pink_10db,1361,300,0,300,298,0,0,23,7,16,0.9999,0.9999,0.0002,11.57,38,38,1.21,ALLOW,False,NONE,0.404,0.404,7.334
phase53_voip_026_BF_2_noise_babble_10db,25,BF_2,bonafide,noise_babble_10db,1362,300,0,300,298,0,0,23,7,16,0.9993,0.9999,-0.0004,11.57,38,38,1.21,ALLOW,False,NONE,0.388,0.388,7.317
phase53_voip_027_BF_2_resample_8k,26,BF_2,bonafide,resample_8k,1363,300,0,300,298,0,0,22,6,16,0.9997,0.9999,0.0,10.36,38,38,0.0,ALLOW,False,NONE,0.38,0.38,7.321
phase53_voip_028_BF_2_lowpass_4k,27,BF_2,bonafide,lowpass_4k,1364,300,0,300,298,0,0,22,6,16,0.9997,0.9999,0.0,10.36,38,38,0.0,ALLOW,False,NONE,0.396,0.396,7.333
phase53_voip_029_BF_2_lowpass_3k4,28,BF_2,bonafide,lowpass_3k4,1365,300,0,300,298,0,0,22,6,16,0.9999,0.9999,0.0002,10.36,38,38,0.0,ALLOW,False,NONE,0.435,0.435,7.342
phase53_voip_030_BF_2_telephone_band,29,BF_2,bonafide,telephone_band,1366,300,0,300,298,0,0,22,6,16,0.9997,0.9998,0.0,10.36,38,38,0.0,ALLOW,False,NONE,0.394,0.394,7.325
phase53_voip_031_BF_2_mu_law,30,BF_2,bonafide,mu_law,1367,300,0,300,298,0,0,22,6,16,0.9997,0.9999,0.0,10.36,38,38,0.0,ALLOW,False,NONE,0.396,0.396,7.332
phase53_voip_032_BF_2_telephone_chain,31,BF_2,bonafide,telephone_chain,1368,300,0,300,298,0,0,22,6,16,0.9998,0.9998,0.0001,10.36,38,38,0.0,ALLOW,False,NONE,0.399,0.399,7.326
phase53_voip_033_BF_2_gain_minus_20db,32,BF_2,bonafide,gain_minus_20db,1369,300,0,300,298,0,0,22,6,16,0.8233,0.8652,-0.1764,10.36,38,38,0.0,ALLOW,False,NONE,0.393,0.393,7.322
phase53_voip_034_BF_2_gain_plus_6db,33,BF_2,bonafide,gain_plus_6db,1370,300,0,300,298,0,0,22,6,16,0.9999,1.0,0.0002,10.36,38,38,0.0,ALLOW,False,NONE,0.385,0.385,7.318
phase53_voip_035_BF_2_clipping,34,BF_2,bonafide,clipping,1371,300,0,300,298,0,0,22,6,16,0.9999,0.9999,0.0002,10.36,38,38,0.0,ALLOW,False,NONE,0.392,0.392,7.326
phase53_voip_036_BF_2_reverb_300ms,35,BF_2,bonafide,reverb_300ms,1372,300,0,300,298,0,0,22,6,16,1.0,1.0,0.0003,10.36,38,38,0.0,ALLOW,False,NONE,0.379,0.379,7.313
phase53_voip_037_BF_2_packet_loss_2pct,36,BF_2,bonafide,packet_loss_2pct,1373,300,10,290,288,0,0,22,6,16,0.9998,1.0,0.0001,10.36,38,38,0.0,ALLOW,False,NONE,0.39,0.39,7.32
phase53_voip_038_BF_2_packet_loss_5pct,37,BF_2,bonafide,packet_loss_5pct,1374,300,16,284,282,0,0,21,5,16,0.9999,0.9999,0.0002,9.05,38,38,-1.31,ALLOW,False,NONE,0.437,0.437,7.311
phase53_voip_039_SP_1_clean,38,SP_1,spoof,clean,1375,300,0,300,298,0,0,22,6,16,0.9968,0.9976,0.0,10.36,38,38,0.0,ALLOW,False,NONE,0.378,0.378,7.307
phase53_voip_040_SP_1_noise_white_20db,39,SP_1,spoof,noise_white_20db,1376,300,0,300,298,0,0,23,7,16,0.9935,0.9957,-0.0033,11.57,38,38,1.21,ALLOW,False,NONE,0.389,0.389,7.321
phase53_voip_041_SP_1_noise_white_10db,40,SP_1,spoof,noise_white_10db,1377,300,0,300,298,0,0,23,7,16,0.9997,0.9998,0.0029,11.57,38,38,1.21,ALLOW,False,NONE,0.392,0.392,7.325
phase53_voip_042_SP_1_noise_white_5db,41,SP_1,spoof,noise_white_5db,1378,300,0,300,298,0,0,23,7,16,0.9998,0.9998,0.003,11.57,38,38,1.21,ALLOW,False,NONE,0.376,0.376,7.314
phase53_voip_043_SP_1_noise_white_0db,42,SP_1,spoof,noise_white_0db,1379,300,0,300,298,0,0,23,7,16,0.9999,0.9999,0.0031,11.57,38,38,1.21,ALLOW,False,NONE,0.383,0.383,7.325
phase53_voip_044_SP_1_noise_pink_10db,43,SP_1,spoof,noise_pink_10db,1380,300,0,300,295,0,0,23,7,16,0.9988,0.9996,0.002,11.57,38,38,1.21,ALLOW,False,NONE,0.447,0.447,7.317
phase53_voip_045_SP_1_noise_babble_10db,44,SP_1,spoof,noise_babble_10db,1381,300,0,300,298,0,0,23,7,16,0.998,0.9994,0.0012,11.57,38,38,1.21,ALLOW,False,NONE,0.385,0.385,7.319
phase53_voip_046_SP_1_resample_8k,45,SP_1,spoof,resample_8k,1382,300,0,300,298,0,0,22,6,16,0.9953,0.9956,-0.0015,10.36,38,38,0.0,ALLOW,False,NONE,0.391,0.391,7.332
phase53_voip_047_SP_1_lowpass_4k,46,SP_1,spoof,lowpass_4k,1383,300,0,300,298,0,0,22,6,16,0.9949,0.995,-0.0019,10.36,38,38,0.0,ALLOW,False,NONE,0.406,0.406,7.345
phase53_voip_048_SP_1_lowpass_3k4,47,SP_1,spoof,lowpass_3k4,1384,300,0,300,298,0,0,21,5,16,0.9954,0.9971,-0.0014,9.05,38,38,-1.31,ALLOW,False,NONE,0.403,0.403,7.333
phase53_voip_049_SP_1_telephone_band,48,SP_1,spoof,telephone_band,1385,300,0,300,298,0,0,21,5,16,0.9985,0.9986,0.0017,9.05,38,38,-1.31,ALLOW,False,NONE,0.401,0.401,7.335
phase53_voip_050_SP_1_mu_law,49,SP_1,spoof,mu_law,1386,300,0,300,298,0,0,22,6,16,0.9969,0.9974,0.0001,10.36,38,38,0.0,ALLOW,False,NONE,0.396,0.396,7.327
phase53_voip_051_SP_1_telephone_chain,50,SP_1,spoof,telephone_chain,1387,300,0,300,298,0,0,21,5,16,0.9987,0.9987,0.0019,9.05,38,38,-1.31,ALLOW,False,NONE,0.388,0.388,7.319
phase53_voip_052_SP_1_gain_minus_20db,51,SP_1,spoof,gain_minus_20db,1388,300,0,300,298,0,0,16,0,16,,,,0.0,0,0,-10.36,ALLOW,False,NONE,0.403,0.403,7.331
phase53_voip_053_SP_1_gain_plus_6db,52,SP_1,spoof,gain_plus_6db,1389,300,0,300,298,0,0,22,6,16,0.9998,0.9999,0.003,10.36,38,38,0.0,ALLOW,False,NONE,0.388,0.388,7.326
phase53_voip_054_SP_1_clipping,53,SP_1,spoof,clipping,1390,300,0,300,298,0,0,22,6,16,0.997,0.9973,0.0002,10.36,38,38,0.0,ALLOW,False,NONE,0.417,0.417,7.35
phase53_voip_055_SP_1_reverb_300ms,54,SP_1,spoof,reverb_300ms,1391,300,0,300,298,0,0,22,6,16,1.0,1.0,0.0032,10.36,38,38,0.0,ALLOW,False,NONE,0.388,0.388,7.317
phase53_voip_056_SP_1_packet_loss_2pct,55,SP_1,spoof,packet_loss_2pct,1392,300,5,295,293,0,0,21,5,16,0.9949,0.9987,-0.0019,9.05,38,38,-1.31,ALLOW,False,NONE,0.396,0.396,7.33
phase53_voip_057_SP_1_packet_loss_5pct,56,SP_1,spoof,packet_loss_5pct,1393,300,20,280,278,0,0,21,5,16,0.9989,0.999,0.0021,9.05,38,38,-1.31,ALLOW,False,NONE,0.426,0.426,7.348
phase53_voip_058_SP_2_clean,57,SP_2,spoof,clean,1394,300,0,300,298,0,0,22,6,16,1.0,1.0,0.0,10.36,38,38,0.0,ALLOW,False,NONE,0.389,0.389,7.314
phase53_voip_059_SP_2_noise_white_20db,58,SP_2,spoof,noise_white_20db,1395,300,0,300,298,0,0,23,7,16,0.9996,0.9998,-0.0004,11.57,38,38,1.21,ALLOW,False,NONE,0.374,0.374,7.304
phase53_voip_060_SP_2_noise_white_10db,59,SP_2,spoof,noise_white_10db,1396,300,0,300,298,0,0,23,7,16,0.999,0.9994,-0.001,11.57,38,38,1.21,ALLOW,False,NONE,0.381,0.381,7.309
phase53_voip_061_SP_2_noise_white_5db,60,SP_2,spoof,noise_white_5db,1397,300,0,300,298,0,0,23,7,16,0.9997,0.9997,-0.0003,11.57,38,38,1.21,ALLOW,False,NONE,0.382,0.382,7.314
phase53_voip_062_SP_2_noise_white_0db,61,SP_2,spoof,noise_white_0db,1398,300,0,300,298,0,0,23,7,16,0.9999,0.9999,-0.0001,11.57,38,38,1.21,ALLOW,False,NONE,0.383,0.383,7.314
phase53_voip_063_SP_2_noise_pink_10db,62,SP_2,spoof,noise_pink_10db,1399,300,0,300,298,0,0,23,7,16,0.9997,0.9998,-0.0003,11.57,38,38,1.21,ALLOW,False,NONE,0.364,0.364,7.293
phase53_voip_064_SP_2_noise_babble_10db,63,SP_2,spoof,noise_babble_10db,1400,300,0,300,298,0,0,23,7,16,0.9997,0.9997,-0.0003,11.57,38,38,1.21,ALLOW,False,NONE,0.377,0.377,7.312
phase53_voip_065_SP_2_resample_8k,64,SP_2,spoof,resample_8k,1401,300,0,300,298,0,0,21,5,16,0.9999,0.9999,-0.0001,9.05,38,38,-1.31,ALLOW,False,NONE,0.396,0.396,7.323
phase53_voip_066_SP_2_lowpass_4k,65,SP_2,spoof,lowpass_4k,1402,300,0,300,298,0,0,21,5,16,0.9998,0.9999,-0.0002,9.05,38,38,-1.31,ALLOW,False,NONE,0.381,0.381,7.309
phase53_voip_067_SP_2_lowpass_3k4,66,SP_2,spoof,lowpass_3k4,1403,300,0,300,298,0,0,21,5,16,0.9998,0.9999,-0.0002,9.05,38,38,-1.31,ALLOW,False,NONE,0.383,0.383,7.315
phase53_voip_068_SP_2_telephone_band,67,SP_2,spoof,telephone_band,1404,300,0,300,298,0,0,21,5,16,0.9994,0.9995,-0.0006,9.05,38,38,-1.31,ALLOW,False,NONE,0.391,0.391,7.321
phase53_voip_069_SP_2_mu_law,68,SP_2,spoof,mu_law,1405,300,0,300,298,0,0,22,6,16,1.0,1.0,0.0,10.36,38,38,0.0,ALLOW,False,NONE,0.382,0.382,7.394
phase53_voip_070_SP_2_telephone_chain,69,SP_2,spoof,telephone_chain,1406,300,0,300,298,0,0,21,5,16,0.9994,0.9995,-0.0006,9.05,38,38,-1.31,ALLOW,False,NONE,0.38,0.38,7.308
phase53_voip_071_SP_2_gain_minus_20db,70,SP_2,spoof,gain_minus_20db,1407,300,0,300,298,0,0,18,2,16,0.2495,0.2495,-0.7505,1.33,12,12,-9.03,ALLOW,False,NONE,0.386,0.386,7.317
phase53_voip_072_SP_2_gain_plus_6db,71,SP_2,spoof,gain_plus_6db,1408,300,0,300,298,0,0,23,7,16,1.0,1.0,0.0,11.57,38,38,1.21,ALLOW,False,NONE,0.384,0.384,7.311
phase53_voip_073_SP_2_clipping,72,SP_2,spoof,clipping,1409,300,0,300,298,0,0,22,6,16,1.0,1.0,0.0,10.36,38,38,0.0,ALLOW,False,NONE,0.381,0.381,7.312
phase53_voip_074_SP_2_reverb_300ms,73,SP_2,spoof,reverb_300ms,1410,300,0,300,298,0,0,22,6,16,1.0,1.0,0.0,10.36,38,38,0.0,ALLOW,False,NONE,0.372,0.372,7.301
phase53_voip_075_SP_2_packet_loss_2pct,74,SP_2,spoof,packet_loss_2pct,1411,300,7,293,291,0,0,23,7,16,0.9999,1.0,-0.0001,11.57,38,38,1.21,ALLOW,False,NONE,0.383,0.383,7.314
phase53_voip_076_SP_2_packet_loss_5pct,75,SP_2,spoof,packet_loss_5pct,1412,300,14,286,285,0,0,22,6,16,1.0,1.0,0.0,10.36,38,38,0.0,ALLOW,False,NONE,0.391,0.391,7.323
